{"__Version":"0.1","App":"1a2f70b5-830b-4524-a123-6c554ba5e137","Test_7F478737223C4B69":"cf5f2336-4883-47c8-b0ff-aee44bb3ba97","Host":"4ae0edc1-af4c-459d-8ec8-8b85a35a2d2f","Main Screen":"32c82283-0229-4c70-800d-cff4182a4250","Main Screen - Background":"5d8026c2-f8c5-4fbe-a803-ceb4ea55296b","Main screen - Side pane":"7dbf9851-6c39-41e7-a22f-af4a1c26b8b3","Main Screen - Header background":"4eaf3eaa-69a0-4ee6-a06f-0ad32c08862c","Main Screen - Header":"bd1685f9-1d98-471f-bd1c-9fa34407725f","Main screen - Mockup - Phone template":"1d351c01-d125-42d4-af6f-a2f0296ae8d7","Main screen - Phone background":"1ef80067-65e2-4d88-91db-5d8e368c4def","Main screen - Select demo":"598f2aab-35cf-4636-b5d6-6b609d4c3897","Main screen - Gear icon":"8b7d57ba-27f2-4013-8c05-89ea061f2a73","Main screen - Mockup - Avatar":"da73413c-2105-4aaa-99cb-c0d125c7a09c","Main screen - Mockup - App title":"eaa0e0d9-3270-452a-92cd-28e37a263f29","Main screen - Role header":"47374307-b41e-42dd-be32-59804b094db4","Main screen - Role input":"ac1ac2c3-a941-4940-82cd-fc76e700396c","Main screen - Role change button":"0d891744-58aa-447a-8093-4cf99efd4d0c","Theming - Primary header":"e127c5cd-8675-4d61-83bb-e217cc033c4b","Theming - Primary input":"7a62b97e-cebf-42bb-9d5f-da33758f95d0","Theming - Primary description":"dcbe8669-ebd7-4e4e-8f2c-97bb458b3d74","Theming - Regular header":"716cf13e-bd06-4578-8fc7-ddf694b6bd86","Theming - Regular input":"74ddb28e-775c-4a3b-84c6-de0b6274dc48","Theming - Regular description":"475718b8-1b59-4811-b500-47ef463fad2e","Main screen - Named formula header":"d2b6ec43-5e96-4967-80d2-952751e4d3f3","Main screen - Named formula":"a3557400-4e54-4094-a0d3-5ff55e3988ab","Theming - Light header":"ead2f3c7-c211-40e8-862f-3b6fe544a235","Theming - Light input":"f9ba9e1d-0163-4647-a688-07276cbe961e","Theming - Light description":"97344880-14f3-4f79-8745-f89ea99b1cf7","Main screen - Mockup - App image":"5d6f4eb3-ce2b-46f6-856f-45171dadd23b","Theming - Accent header":"ae7d72d2-5b30-4b4c-8c4c-80f183bdea80","Theming - Accent input":"c7ddf965-d8a3-4b1e-b31f-8a386aa1cb4a","Theming - Accent description":"317664c8-e504-4570-bf85-2cbe169084df","Restore button":"60ee35e7-dd1c-4ec6-b9da-b75b78210142","Update color button":"1514771e-a4c2-4c79-af78-e66dab3571d6","Main screen - Navigation button header":"9f7a10c3-65c6-4663-8e31-5c22c56969a7","Main screen - Mockup - Select button":"7455f83a-b4f0-4e26-be22-4f6027700945","Main screen - Navigation button formula":"7e142079-8693-4727-bb1c-ab99b16ec245","Sample red color":"f6d691a7-ece5-4b48-b4d9-9387794b5aac","Sample green color":"3a0f0d1a-6574-434d-ba4b-956003769ffa","Sample yellow color":"19ab70eb-229b-4193-baf5-1f324e74b6ce","Sample blue color":"8b250df7-3695-44e3-ad88-99520edc828e","Main screen - Mockup - Sing Up button":"4cfe0cb7-fc01-4aad-b97b-42f549822395","Main screen - Mockup - Footer":"18055a6b-d801-4d37-8ad3-1287839b42c8","Main Screen - Hash":"affda9b2-7b98-42c7-af0f-dfa7adbc3f26","Main screen - Navigation group":"0ec340b3-9825-4d7c-bb26-b2f861504a31","Main screen - Theming group":"d3deba29-b1dc-418a-996e-0f2077ec7e81","Select Date":"21c71f3e-8e56-44e3-8afd-a33df65fada3","Select Date - Background":"1267b104-45be-424e-9c60-963c91660adc","Select Date - Side pane":"b04216c4-6b1c-4fe6-8294-6e2ea1da9c88","Select Date - Header background":"72077bbb-a1a5-48b9-85ca-7ff8d1775b47","Select date - Header":"fdfea73d-1956-4833-9ba3-e6e8944970ef","Select date - Mockup - Phone template":"ede7ed6f-f7d0-4b7b-8c4a-8c78b87401b7","Select date - Phone background":"f13885b6-9f89-4b9f-b460-9b1836b50267","Select date - Mockup - Avatar":"dfee8e46-eaec-4e0f-8dad-a245e3f7836e","Select date - Mockup - App title":"4c8fbe7f-4201-4076-816a-69e39159d734","Select date - Role header":"0d73b317-ee86-4d3f-ae69-e93323a749cc","Select date - Role input":"a306accd-eb1f-4b5f-9477-7d8d34cba097","Select date - Role change button":"181912f5-a641-48ca-a1b4-d2d156b86abc","Select date - Named formula header":"34d42974-46be-4b69-acac-af669b7b325f","Select date - Named formula":"9736278f-181c-4e67-90e1-82c274af8f01","Select date - Button bachground":"9c55a5b5-611b-4713-a3b6-0f6abfb90b08","Select date - Mockup - Now button":"06596eda-13de-46bc-873a-fd2a07510440","Select date - Rectangle":"85324c92-81fd-4959-8134-fc6e3019f56d","Select date - Mockup - Tomorrow button":"3ebd96d1-7a15-40f4-894f-a1a674400637","Select date - Mockup - Next 3 days button":"99b120d0-e7b4-4889-a61f-a2b95061b1e3","Select date - Mockup - Cancel button":"5fa897a7-1b8d-403f-a702-57fcc5662859","Select date - Mockup - Footer":"72c89d50-2369-4304-b4fb-ed69dc7057eb","Select Date - Hash":"8a3ef2f8-1bde-4002-93e1-f8333261e347","Select Parameters":"463d18c5-6c56-4276-9e44-c63d4eb0aa0a","Select parameters - Background":"346998d3-b42c-4ce7-8e4f-ad43f40192af","Select parameters - Side pane":"a0e70b1d-9d06-4ce9-8026-e8e9379c00c9","Select parameters - Header background":"809039c2-9d5c-470e-950f-da009ed83413","Select parameters - Header":"fc44bf4f-0d1f-429e-ad92-16346cff3d8a","Select parameters - Mockup - Phone template":"ef2b59ff-a074-4fc5-820e-a1991bb0a269","Select parameters - Mockup - Phone background":"cc2e768b-e58d-4fb2-a2e8-c16454b2d853","Select parameters - Mockup - Avatar":"567e8f23-f80c-40c3-a772-98724602f8f0","Select parameters - Mockup - App title":"adb4eee6-06b5-46ea-981e-6ed5ea450ddc","Select parameters - Role header":"e6a42abe-fbb7-4593-906b-5df3bc43f485","Select parameters - Role input":"82bb741e-f285-4d08-907c-b4b8a95217a4","Select parameters - Role change button":"ddd5b36d-95bd-48f0-8785-3140415a0013","Select parameters - Named formula header":"6c80a202-71e8-4615-b615-d1cb19884e00","Select parameters - Mockup - Parameters Gallery":"fd623158-83b3-4c01-a94d-7a6c3ae39f11","galleryTemplate2_2":"38f8604f-f46c-4419-af32-2e6f5223867c","Select parameters - Mockup - Parameter button background":"e30f6180-3beb-4f70-b998-9729ffa5d705","Select parameters - Mockup - Button":"6c9a4cf9-2817-4462-94e4-5a03527ba90a","Select parameters - Mockup - Parameter image":"12508735-f18f-499e-b4c3-d8f3d67d5a12","Select parameters - Mockup - Parameter description":"95f19d92-58dc-459c-9743-29a2ff3a6874","Select parameters - Named formula":"c41a3d19-8815-428c-94e7-b55c2626e47a","Select parameters - Rectangle":"57b78446-2771-4254-826d-e6e5e374d504","Select parameters - Mockup - Back button":"647fe1ca-aa8a-4b84-8ede-a8787f68dc58","Select parameters - Mockup - Next button":"b5e2b19f-3b7b-4868-8c2e-46377546e57d","Select parameters - Mockup - Back icon":"6ccc8166-731c-44af-8b31-5c1d2afe75cb","Select parameters - Mockup - Footer":"6d18b10e-924d-4a57-b518-2062fa0f77ae","Select parameters - Hash":"0ab5475e-e9c1-4a7a-a58b-533aa236401e","Sign Up":"25788e66-4317-4d68-a633-369a5d58c740","Sign Up - Background":"93098822-b924-43e2-8390-3b18705cfe76","Sign Up - Side pane":"a32d5019-5202-4a1d-9fff-be220ad0cc1c","Sign Up - Header background":"fcbce704-6c53-4fa1-9047-1aa8fddd57d3","Sign Up - Header":"037835ff-a942-467c-a557-42a9d6f15506","Sign Up - Mockup - Phone template":"f8b290c1-3db2-4436-9551-2686ed479867","Sign Up - Mockup - Phone background":"cb73e219-814c-476c-a674-e03d121642ae","Sign Up - Select demo":"ff0a701f-77da-4ea7-a819-6f8bd1c57d08","Sign Up - Mockup - Avatar":"10c743de-e68f-44c0-aa24-b61095e665e8","Sign Up - Mockup - App title":"dc42922d-2717-4cdb-99be-9f56201119be","Sign Up - Named formula header - Required fields":"922a060a-6b2d-4daf-a4fb-d908562d4196","Sign Up - Named formula header - Error handling":"521264f8-39fa-49d6-8254-a4d5f8014d5c","Sign Up - Named formula - Required fields":"17ad59d8-c51d-4c55-ad92-b066eb9f22ca","Sign Up - Named formula - Error handling":"30b5dec2-4877-41e6-acfb-66fe410d9ea5","Sign Up - Mockup - Form background":"8d074c63-89f9-4dec-89b4-a2548b3278c7","Sign Up - Mockup - Name header":"b679117d-8119-4441-8ad0-7e2a89bb4642","Sign Up - Mockup - Name input":"99bd5452-5316-4cac-986f-dfb1712a73f3","Sign Up - Mockup - Name error":"ab20d7d8-951e-4b3c-9eff-c4d933be070e","Sign Up - Mockup - Email header":"430196eb-2c2a-437b-87f6-051b5f258172","Sign Up - Button formula header":"f3ed1134-c997-4203-9f0a-2246b1906e45","Sign Up - Mockup - Email input":"7c1ddb97-362e-4c4b-9140-6546d624423f","Sign Up - Button formula":"f6cd06d4-5fee-43c8-8ed2-96d4258f6793","Sign Up - Mockup - Email error":"70e966b1-c44e-46d9-9f94-2aa9f99c2faf","Sign Up - Mockup - Date picker header":"b0bb4a27-f382-4830-bf22-80d01c797000","Sign Up - Mockup - Date picker":"9b763cc3-5652-4c03-8052-8456aa5fab1d","Sign Up - Mockup - Date picker error":"e47405e6-f521-4f8a-b1ea-f621d8de4bd4","Sign Up - Mockup - Back button":"7f58dc5c-ebc8-4c96-acaf-2806aac0dbae","Sign Up - Mockup - Sing Up button":"9031394b-2294-4b82-a191-c12c37b27420","Sign Up - Mockup - Back icon":"a55e99f0-1b3c-450f-a3ea-8018b942887c","Sign Up - Mockup - Footer":"9a98cd19-e07a-40e3-8d24-299d6fcd54e8","Sign Up - Hash":"1d543af3-9d0f-4fab-bedb-be235775ec6d","UDF":"3033fac0-c4ba-4fff-9db1-4c299a8b5a44","UDF - Background":"9f76e27b-3c4b-4f00-883d-d63b75e0a516","UDF - Side pane":"90ef00fd-cfab-4ac5-91c6-b17943ad7eaa","UDF - Header background":"6e090008-c83d-4763-a9d2-59fb473870ef","UDF - Mockup - Phone template":"0bef64a9-d051-40c6-afef-4280d827caf7","Sign Up - Right":"7d76e5ef-f9f1-4bc8-b781-80a69f871df8","UDF - Header":"024d38e1-da11-4e7b-bd91-53860f631213","UDF - Select demo":"f26cf540-8010-479c-a6f2-f42575e248ef","UDF - Mockup - Avatar":"8c573c06-8284-4c4c-b284-6a2960dfd8cd","UDF - Mockup - App title":"8a91d6c0-4bde-4359-a35d-6166c17fa300","UDF - Named formula header - Simple UDF":"b7eb14a7-e998-42c6-a6f8-60e6e014b62c","UDF - Named formula header - Verify email":"1bf85351-93f3-423c-bef7-5f88915364ad","UDF - Named formula - Simple UDF":"8bdec649-1c2c-41d6-87fa-c6d35f0852d2","UDF - Named formula - Verify email":"632869af-6bbf-4caa-ac2e-336ba09b2386","UDF - Mockup - Form background":"72dd557b-4bf0-42dc-be07-3bd10e097222","UDF - Mockup - Hours header":"7b74d0b4-51e4-4fe8-91eb-707db3f572ef","UDF - Mockup - Hours input":"8a149fc7-31f6-4bf4-ba3d-97e0a2762d8b","UDF - Mockup - Total price":"9f09b1df-67a4-49a8-973d-5ecbe0e9a564","UDF - Mockup - Email header":"e7fe6d1d-ed9d-478c-98dd-6ab947f734cb","UDF - Mockup - Email input":"361986d6-62ab-40a3-8d43-701eca27c7fe","UDF - Mockup - Email validation message":"b7f01611-478f-45ae-8979-c0efd7ec541d","Sign Up - Left":"cc827f83-d7cd-4ce6-9552-f14b004780f6","UDF - Mockup - Back button":"72b330d5-d1bf-4af7-8aef-38b884806942","UDF - Mockup - Sign Up button":"f22f9049-b2c8-472c-876a-01786b0324a8","UDF - Mockup - Back icon":"6c74dc39-1599-4a6e-9428-a8132ef74555","UDF - Mockup - Footer":"d8e5cc2d-1fd4-4333-b423-ffb0c49fd167","UDF - Hash":"6495ba7c-80d3-4889-9be0-28be2b37d53b","Sign Up - Right_1":"cebd6462-871c-4b5e-bb2e-3667f59966ea","Sign Up - Left_1":"62db3264-e899-4147-a7b0-e8f74f6df0f9","Sign Up - Left_2":"afee4bf5-fdc6-4af6-ba10-a1e41a50adbc","Sign Up - Right_2":"76f6b20c-819f-41dc-a5f9-aaef471e7b45","Sign Up - Left_3":"2ef69e10-f424-413b-9ee5-89f61773e94c","Sign Up - Right_3":"9685ec13-99a3-4e6a-b036-174b2d6af658"}